<?xml version="1.0" encoding="UTF-8"?>

<beans xmlns = "http://www.springframework.org/schema/beans"
   xmlns:xsi = "http://www.w3.org/2001/XMLSchema-instance"
   xsi:schemaLocation = "http://www.springframework.org/schema/beans
   http://www.springframework.org/schema/beans/spring-beans-3.0.xsd">
 
   

   <bean id="s1"  class="com.demo.Student">
   <property name="name"  value="Roshini"></property>
   </bean>
   
   <bean id="b1"  class="com.demo.Books">
   <property name="Id" value="123"></property>
   <property name="Price"  value="1500"></property>
   <property name="Publisher"  value="Albert"></property>
   </bean>
   
   <bean id="e1"  class="com.demo.Employee">
   <property name="name"  value="Roshini"></property>
   <property name="Id"  value="123"></property>
   <property name="salary"  value="1500"></property>
   <property name="address"  value="Mysore"></property>
   </bean>





</beans>