<?xml version="1.0" encoding="UTF-8"?>

<beans xmlns="http://www.springframework.org/schema/beans"
       xmlns:xsi="http://www.w3.org/2001/XMLSchema-instance"
       xmlns:context="http://www.springframework.org/schema/context"
       xsi:schemaLocation="http://www.springframework.org/schema/beans 
           http://www.springframework.org/schema/beans/spring-beans-3.0.xsd
           http://www.springframework.org/schema/context
           http://www.springframework.org/schema/context/spring-context-3.0.xsd">

     <context:annotation-config/>
 

    <bean id="msg" class="maven.demomavens.MyMessage">
</bean>
 

    <bean id="msgpass" class="maven.demomavens.MessagePass">
</bean>

 <bean id="add" class="maven.demomavens.Address">
</bean>
 

    <bean id="stdadd" class="maven.demomavens.Student">
</bean>

<bean id="sal" class="maven.demomavens.Salary">
</bean>
 

    <bean id="empsal" class="maven.demomavens.Employee">
</bean>
 

</beans>